/*
 Navicat Premium Data Transfer

 Source Server         : localhost
 Source Server Type    : MySQL
 Source Server Version : 100133
 Source Host           : localhost:3306
 Source Schema         : store

 Target Server Type    : MySQL
 Target Server Version : 100133
 File Encoding         : 65001

 Date: 27/04/2019 19:16:09
*/

SET NAMES utf8mb4;
SET FOREIGN_KEY_CHECKS = 0;

-- ----------------------------
-- Table structure for categoria_producto
-- ----------------------------
DROP TABLE IF EXISTS `categoria_producto`;
CREATE TABLE `categoria_producto`  (
  `id_relacion` int(11) NOT NULL AUTO_INCREMENT,
  `id_producto` int(11) NULL DEFAULT NULL,
  `id_categoria` int(11) NULL DEFAULT NULL,
  `estado` enum('ACTIVO','INACTIVO') CHARACTER SET utf8mb4 COLLATE utf8mb4_unicode_ci NULL DEFAULT 'ACTIVO',
  `fecha_creaciom` timestamp(0) NOT NULL DEFAULT CURRENT_TIMESTAMP(0) ON UPDATE CURRENT_TIMESTAMP(0),
  PRIMARY KEY (`id_relacion`) USING BTREE,
  INDEX `id_producto`(`id_producto`) USING BTREE,
  INDEX `id_categoria`(`id_categoria`) USING BTREE,
  CONSTRAINT `categoria_producto_ibfk_1` FOREIGN KEY (`id_producto`) REFERENCES `producto` (`id_producto`) ON DELETE RESTRICT ON UPDATE RESTRICT,
  CONSTRAINT `categoria_producto_ibfk_2` FOREIGN KEY (`id_categoria`) REFERENCES `categorias` (`id_categoria`) ON DELETE RESTRICT ON UPDATE RESTRICT
) ENGINE = InnoDB AUTO_INCREMENT = 25 CHARACTER SET = utf8mb4 COLLATE = utf8mb4_unicode_ci ROW_FORMAT = Compact;

-- ----------------------------
-- Records of categoria_producto
-- ----------------------------
INSERT INTO `categoria_producto` VALUES (1, 1, 1, 'ACTIVO', '2019-04-26 02:37:19');
INSERT INTO `categoria_producto` VALUES (2, 2, 1, 'ACTIVO', '2019-04-26 17:49:33');
INSERT INTO `categoria_producto` VALUES (3, 3, 1, 'ACTIVO', '2019-04-26 23:35:50');
INSERT INTO `categoria_producto` VALUES (4, 4, 1, 'ACTIVO', '2019-04-26 23:48:48');
INSERT INTO `categoria_producto` VALUES (5, 5, 1, 'ACTIVO', '2019-04-26 23:56:29');
INSERT INTO `categoria_producto` VALUES (6, 6, 2, 'ACTIVO', '2019-04-26 23:56:42');
INSERT INTO `categoria_producto` VALUES (7, 7, 2, 'ACTIVO', '2019-04-26 23:59:16');
INSERT INTO `categoria_producto` VALUES (8, 8, 2, 'ACTIVO', '2019-04-27 00:04:42');
INSERT INTO `categoria_producto` VALUES (9, 9, 2, 'ACTIVO', '2019-04-27 00:07:59');
INSERT INTO `categoria_producto` VALUES (10, 10, 2, 'ACTIVO', '2019-04-27 00:10:15');
INSERT INTO `categoria_producto` VALUES (11, 11, 3, 'ACTIVO', '2019-04-27 00:12:11');
INSERT INTO `categoria_producto` VALUES (12, 12, 3, 'ACTIVO', '2019-04-27 00:15:50');
INSERT INTO `categoria_producto` VALUES (13, 13, 8, 'ACTIVO', '2019-04-27 07:52:06');
INSERT INTO `categoria_producto` VALUES (14, 14, 8, 'ACTIVO', '2019-04-27 07:54:42');
INSERT INTO `categoria_producto` VALUES (15, 15, 8, 'ACTIVO', '2019-04-27 07:57:22');
INSERT INTO `categoria_producto` VALUES (16, 16, 8, 'ACTIVO', '2019-04-27 08:00:10');
INSERT INTO `categoria_producto` VALUES (17, 17, 4, 'ACTIVO', '2019-04-27 08:02:26');
INSERT INTO `categoria_producto` VALUES (18, 18, 4, 'ACTIVO', '2019-04-27 08:04:18');
INSERT INTO `categoria_producto` VALUES (19, 19, 4, 'ACTIVO', '2019-04-27 08:06:57');
INSERT INTO `categoria_producto` VALUES (20, 20, 4, 'ACTIVO', '2019-04-27 08:10:16');
INSERT INTO `categoria_producto` VALUES (21, 21, 5, 'ACTIVO', '2019-04-27 08:14:58');
INSERT INTO `categoria_producto` VALUES (22, 22, 5, 'ACTIVO', '2019-04-27 08:16:51');
INSERT INTO `categoria_producto` VALUES (23, 23, 5, 'ACTIVO', '2019-04-27 08:18:53');
INSERT INTO `categoria_producto` VALUES (24, 24, 6, 'ACTIVO', '2019-04-27 08:36:34');

-- ----------------------------
-- Table structure for categorias
-- ----------------------------
DROP TABLE IF EXISTS `categorias`;
CREATE TABLE `categorias`  (
  `id_categoria` int(11) NOT NULL AUTO_INCREMENT,
  `nombre` varchar(145) CHARACTER SET utf8mb4 COLLATE utf8mb4_unicode_ci NOT NULL,
  `detalle` varchar(255) CHARACTER SET utf8mb4 COLLATE utf8mb4_unicode_ci NOT NULL,
  `estado` enum('ACTIVO','INACTIVO') CHARACTER SET utf8mb4 COLLATE utf8mb4_unicode_ci NOT NULL DEFAULT 'ACTIVO',
  `fecha_creaciom` timestamp(0) NOT NULL DEFAULT CURRENT_TIMESTAMP(0) ON UPDATE CURRENT_TIMESTAMP(0),
  PRIMARY KEY (`id_categoria`) USING BTREE
) ENGINE = InnoDB AUTO_INCREMENT = 11 CHARACTER SET = utf8mb4 COLLATE = utf8mb4_unicode_ci ROW_FORMAT = Compact;

-- ----------------------------
-- Records of categorias
-- ----------------------------
INSERT INTO `categorias` VALUES (1, 'HOME APPLIANCES', 'Essential appliances here often used in your home with the best brands and variety.', 'ACTIVO', '2019-04-27 19:04:48');
INSERT INTO `categorias` VALUES (2, 'ENTERTAINMENT', 'For you who like to spend big your free time with your family or friends, we have the best products that give you fun and best moments.', 'ACTIVO', '2019-04-27 19:04:48');
INSERT INTO `categorias` VALUES (3, 'SPORTS', 'Everything related to exercise your body, diversified into a lot of products that take care of your well-being.', 'ACTIVO', '2019-04-27 19:04:48');
INSERT INTO `categorias` VALUES (4, 'CELL PHONES', 'Being always connected is a good plan. That\'s why we bring for you the best deals on smartphones tailored to your preferences.', 'ACTIVO', '2019-04-27 19:04:48');
INSERT INTO `categorias` VALUES (5, 'TELEVISIONS', 'Find the latest technology for televisions and choose the one that best suits your taste!', 'ACTIVO', '2019-04-27 19:04:48');
INSERT INTO `categorias` VALUES (6, 'FURNITURE', 'Furnish your home to your taste with the best deals and prices here.', 'ACTIVO', '2019-04-27 19:04:48');
INSERT INTO `categorias` VALUES (7, 'HEALTH AND BEAUTY', 'Here range of products grooming and skin care. Conciéntete yourself!', 'ACTIVO', '2019-04-27 19:04:48');
INSERT INTO `categorias` VALUES (8, 'COMPUTING', 'We offer tools to facilitate your work, find laptops and printers here.', 'ACTIVO', '2019-04-27 19:04:48');
INSERT INTO `categorias` VALUES (9, 'MATTRESS', 'It is always important to have a good rest here the best varieties of mattresses according to your needs.', 'ACTIVO', '2019-04-27 19:04:49');
INSERT INTO `categorias` VALUES (10, 'HOME DECOR', 'For more welcoming environments, Surprise yourself with the best designs and offers we have for you.', 'ACTIVO', '2019-04-27 19:04:49');

-- ----------------------------
-- Table structure for marcas
-- ----------------------------
DROP TABLE IF EXISTS `marcas`;
CREATE TABLE `marcas`  (
  `id_marca` int(11) NOT NULL AUTO_INCREMENT,
  `nombre` varchar(145) CHARACTER SET utf8mb4 COLLATE utf8mb4_unicode_ci NULL DEFAULT NULL,
  `logo` varchar(255) CHARACTER SET utf8mb4 COLLATE utf8mb4_unicode_ci NULL DEFAULT NULL,
  `fecha_creacion` timestamp(0) NOT NULL DEFAULT CURRENT_TIMESTAMP(0) ON UPDATE CURRENT_TIMESTAMP(0),
  `estado` enum('ACTIVO','INACTIVO') CHARACTER SET utf8mb4 COLLATE utf8mb4_unicode_ci NOT NULL DEFAULT 'ACTIVO',
  PRIMARY KEY (`id_marca`) USING BTREE
) ENGINE = InnoDB AUTO_INCREMENT = 31 CHARACTER SET = utf8mb4 COLLATE = utf8mb4_unicode_ci ROW_FORMAT = Compact;

-- ----------------------------
-- Records of marcas
-- ----------------------------
INSERT INTO `marcas` VALUES (1, 'ABBA', 'https://elcadillacnegro.files.wordpress.com/2017/07/abba-logo-svg.png?w=848', '2019-04-27 07:32:55', 'ACTIVO');
INSERT INTO `marcas` VALUES (2, 'ASUS', 'https://upload.wikimedia.org/wikipedia/commons/thumb/2/2e/ASUS_Logo.svg/1280px-ASUS_Logo.svg.png', '2019-04-27 07:33:19', 'ACTIVO');
INSERT INTO `marcas` VALUES (3, 'CASIO', 'https://upload.wikimedia.org/wikipedia/commons/thumb/4/4d/Casio_logo.svg/1280px-Casio_logo.svg.png', '2019-04-27 07:33:32', 'ACTIVO');
INSERT INTO `marcas` VALUES (4, 'CHALLENGER', 'http://www.tutelevisor.com.co/wp-content/uploads/2018/07/challenger-logo.png', '2019-04-27 07:35:53', 'ACTIVO');
INSERT INTO `marcas` VALUES (5, 'COLGATE', 'https://upload.wikimedia.org/wikipedia/commons/thumb/4/4b/Colgate_logo_red.svg/1280px-Colgate_logo_red.svg.png', '2019-04-27 07:34:19', 'ACTIVO');
INSERT INTO `marcas` VALUES (6, 'DELL', 'https://upload.wikimedia.org/wikipedia/commons/thumb/4/48/Dell_Logo.svg/600px-Dell_Logo.svg.png', '2019-04-27 07:34:39', 'ACTIVO');
INSERT INTO `marcas` VALUES (7, 'EPSON', 'https://i.pinimg.com/originals/4d/63/89/4d6389f2cba787e1b363e3a72e846aac.png', '2019-04-27 07:36:33', 'ACTIVO');
INSERT INTO `marcas` VALUES (9, 'FINLANDEK', 'https://landing.puntoscolombia.com/hubfs/Landing%20Page/2018/12%20diciembre/Catalogo%20moda/logos/FinlandekLogo.png', '2019-04-27 07:37:15', 'ACTIVO');
INSERT INTO `marcas` VALUES (10, 'GW', 'http://www.gw-mfg.com/img/GW-LOGO-02.png', '2019-04-27 07:37:33', 'ACTIVO');
INSERT INTO `marcas` VALUES (11, 'HACEB', 'https://www.serviciotecnicohaceb.net/img/portfolio/Electrolux.png', '2019-04-27 07:37:46', 'ACTIVO');
INSERT INTO `marcas` VALUES (12, 'HP', 'https://upload.wikimedia.org/wikipedia/commons/thumb/2/29/HP_New_Logo_2D.svg/768px-HP_New_Logo_2D.svg.png', '2019-04-27 07:40:10', 'ACTIVO');
INSERT INTO `marcas` VALUES (13, 'HYUNDAI', 'https://di-uploads-pod4.dealerinspire.com/rivercityhyundai/uploads/2017/05/HyundaiLogoStacked_4cblk-1024x659.gif', '2019-04-27 07:40:30', 'ACTIVO');
INSERT INTO `marcas` VALUES (14, 'ILUMECO', 'https://scontent.fctg2-1.fna.fbcdn.net/v/t1.0-9/1476362_542763849132995_1475318824_n.png?_nc_cat=100&_nc_ht=scontent.fctg2-1.fna&oh=931256cda7d41e03ff74a298c98da8ae&oe=5D36E69C', '2019-04-27 15:07:29', 'ACTIVO');
INSERT INTO `marcas` VALUES (15, 'INVAL', 'http://fellg.org/wp-content/uploads/2016/10/inval.jpg', '2019-04-27 07:43:15', 'ACTIVO');
INSERT INTO `marcas` VALUES (16, 'KALLEY', 'http://electricospraga.com/images/LOGO-KALLEY.png', '2019-04-27 07:39:19', 'ACTIVO');
INSERT INTO `marcas` VALUES (17, 'LG', 'https://jmservices.com.mx/eng/wp-content/uploads/2016/04/lg-logo.png', '2019-04-26 18:20:48', 'ACTIVO');
INSERT INTO `marcas` VALUES (18, 'MABE', 'https://logoeps.com/wp-content/uploads/2012/11/mabe-vector-logo.png', '2019-04-27 07:43:34', 'ACTIVO');
INSERT INTO `marcas` VALUES (19, 'MOBITEKK', 'http://mobitekk.com/wp-content/uploads/2017/09/mobitekk-imagen4-03.png', '2019-04-27 15:06:08', 'ACTIVO');
INSERT INTO `marcas` VALUES (20, 'MOTOROLA', 'https://1000logos.net/wp-content/uploads/2017/04/Motorola-Logo.png', '2019-04-27 07:44:18', 'ACTIVO');
INSERT INTO `marcas` VALUES (21, 'PONDS', 'https://vignette.wikia.nocookie.net/logopedia/images/9/9c/Ponds-Logo-3.png/revision/latest?cb=20180627144843', '2019-04-27 07:44:32', 'ACTIVO');
INSERT INTO `marcas` VALUES (23, 'PULLMAN', 'https://encrypted-tbn0.gstatic.com/images?q=tbn:ANd9GcSe8x2xddpLlGtlYXvQ8d0d_X7JQEdg4bydKxm6M86FlBER6LQb', '2019-04-27 07:45:19', 'ACTIVO');
INSERT INTO `marcas` VALUES (24, 'REEBOOK', 'https://storage.googleapis.com/multi-static-content/previews/artage-io-thumb-fda8f6396ce402e2af881f9097d118ff.png', '2019-04-27 07:45:38', 'ACTIVO');
INSERT INTO `marcas` VALUES (25, 'SAMSUNG', 'https://tecnicoautorizado.com.co/wp-content/uploads/2018/08/Logo-Samsumg-mediano.png', '2019-04-27 07:35:23', 'ACTIVO');
INSERT INTO `marcas` VALUES (26, 'SONY', 'https://cdn141.picsart.com/267857154016211.png?r1024x1024', '2019-04-27 07:45:49', 'ACTIVO');
INSERT INTO `marcas` VALUES (27, 'SPORT FITNESS', 'https://distribuidorasportfitness.com/wp-content/uploads/2018/08/Logo-SportFitness.png', '2019-04-27 07:46:08', 'ACTIVO');
INSERT INTO `marcas` VALUES (28, 'SUNDOWN', 'https://loudnoisycar.com/wp-content/uploads/2017/06/sundown-logo.png', '2019-04-27 07:46:46', 'ACTIVO');
INSERT INTO `marcas` VALUES (29, 'MICROSOFT', 'http://pngimg.com/uploads/microsoft/microsoft_PNG22.png', '2019-04-27 15:08:31', 'ACTIVO');
INSERT INTO `marcas` VALUES (30, 'SAMURAI', 'https://homeandcook.com.co/wp-content/uploads/2015/01/image04.png', '2019-04-26 18:12:17', 'ACTIVO');

-- ----------------------------
-- Table structure for producto
-- ----------------------------
DROP TABLE IF EXISTS `producto`;
CREATE TABLE `producto`  (
  `id_producto` int(11) NOT NULL AUTO_INCREMENT,
  `nombre_producto` varchar(145) CHARACTER SET utf8mb4 COLLATE utf8mb4_unicode_ci NULL DEFAULT NULL,
  `stock` int(11) NULL DEFAULT 0,
  `foto` varchar(145) CHARACTER SET utf8mb4 COLLATE utf8mb4_unicode_ci NULL DEFAULT NULL,
  `precio` int(11) NULL DEFAULT NULL,
  `descripcion` text CHARACTER SET utf8mb4 COLLATE utf8mb4_unicode_ci NULL,
  `id_marca` int(11) NULL DEFAULT NULL,
  `estado` enum('ACTIVO','INACTIVO') CHARACTER SET utf8mb4 COLLATE utf8mb4_unicode_ci NULL DEFAULT 'ACTIVO',
  `fecha_creaciom` timestamp(0) NOT NULL DEFAULT CURRENT_TIMESTAMP(0) ON UPDATE CURRENT_TIMESTAMP(0),
  PRIMARY KEY (`id_producto`) USING BTREE,
  INDEX `id_marca`(`id_marca`) USING BTREE,
  CONSTRAINT `producto_ibfk_1` FOREIGN KEY (`id_marca`) REFERENCES `marcas` (`id_marca`) ON DELETE RESTRICT ON UPDATE RESTRICT
) ENGINE = InnoDB AUTO_INCREMENT = 25 CHARACTER SET = utf8mb4 COLLATE = utf8mb4_unicode_ci ROW_FORMAT = Compact;

-- ----------------------------
-- Records of producto
-- ----------------------------
INSERT INTO `producto` VALUES (1, 'Eco Air Protec fan 2in1', 145, 'https://www.vivatucredito.com/wp-content/uploads/2019/02/Ventilador-Air-Protec-Eco-2In1-Blanco-7702073312013-min.png', 129000, '<P> Fans unbeatable energy consumption in Colombia. Thanks to its efficiency in engine achieves consume half the energy RIVER to its version & COLLISION previous n (Air Protect Plus), without affecting fan performance, therefore in addition & aacute; s being an echo fan is highly efficient. </ p>', 30, 'ACTIVO', '2019-04-27 19:09:59');
INSERT INTO `producto` VALUES (2, 'Air Conditioning LG Minisplit Dualcool 12,000 BTU-H R-410 - VM122C7', 12, 'https://media.aws.alkosto.com/media/catalog/product/cache/6/image/69ace863370f34bdf190e4e164b6e123/8/8/8806087537758_11.jpg', 1899900, '<p> Dual Inverter Compressor 10 warranty service <br>\r\nThe Inverter compressor solves the annoying problems of sound, being an air that cooler more quickly, for more time and in silence. With 10 years of warranty you can enjoy all the benefits for more time. <br>\r\n</ p>', 17, 'ACTIVO', '2019-04-27 19:10:46');
INSERT INTO `producto` VALUES (3, 'Space heater', 52, 'https://media.aws.alkosto.com/media/catalog/product/cache/1/image/9df78eab33525d08d6e5fb8d27136e95/9/0/900-x-900-k-ca18.jpg', 70000, '<p> Kalley k-ca18 heater <br>\r\nThis Kalley heater comes to your home to keep the atmosphere of your home comfortable by controlling the temperature thanks to its three color levels or ventilation. This novel item you need for your family especially in temperate and cold climates </ p>\r\n\r\n<p> Its fan function in two high and low levels, Safety devices protected by overheating and a motion sensor that cuts off the current if the unit falls or moves out of place. It has a material that prevents burning on contact with the heater and pilot light. You can put it anywhere, with a light weight, covered with plastic grid, aluminum fan of 6 inches, control of ignition logo with 3 positions and speed control for high or low suitable to stay the environment of your house in an ideal way. </ p>', 16, 'ACTIVO', '2019-04-27 19:10:56');
INSERT INTO `producto` VALUES (4, 'Ori N D0850 Digital washer Pl 8-5 Kg 7.18 lb', 198, 'https://media.aws.alkosto.com/media/catalog/product/cache/6/image/69ace863370f34bdf190e4e164b6e123/7/7/7704353361995_13.jpg', 912000, '<p> ORION D0850 WASHER </ p>\r\n\r\n<p> </ p>\r\n\r\n<p> Top loading washer with 8.5 Kg / 18.7 Lb load capacity to wash what you need. Silver color with sophisticated design, which gives a touch of elegance to your home. Washing system by water currents and tank movements that optimize and improve washing. Turn, Impeller and Waterfalls that wash your clothes very well. Mystic filter that traps lint inside the tank, as well they do not stay in your clothes. </ p>\r\n\r\n<p> </ p>\r\n\r\n<p> GARANT & A </ p>\r\n\r\n<p> 5 years in the panel, 2 years in the engine and 1 year in the components. </ p>', 11, 'ACTIVO', '2019-04-27 19:11:03');
INSERT INTO `producto` VALUES (5, 'LG Top Load Washer 37 Pounds WT17DSB', 10, 'https://www.lg.com/co/images/lavadorasysecadoras/md05863959/gallery/mz9.jpg', 1459900, '<p> Smart Inverter <br>\r\nEfficiently control energy consumption with Smart Inverter technology and eliminate unnecessary work. <br>\r\nThe LG washing machines with Smart Inverter; they adjust the energy consumption to the optimum level according to the power required. </ p>\r\n\r\n<p> Smart Motion <br>\r\nAn easier washing in all types of garments thanks to the 3 types of movement created by Smart Inverter. <br>\r\nEnjoy a better combination for a better care of your clothes. </ P>\r\n\r\n<p> Smart Diagnosis? <br>\r\nSmart Diagnosis technology? helps diagnose and solve ...\r\nmechanical failures; avoiding the expensive and inconvenient visits <br>\r\nto the service center. </ p>\r\n\r\n<p>\r\nCapacity of 37 pounds (17 kg). <br>\r\nTop load. <br>\r\nLED control panel. <br>\r\n8 washing programs. <br>\r\nSmart inverter. <br>\r\nTurbo Drum. <br>\r\n1-year guarantee. <br>\r\nColor Gray. <br>\r\n</ p>', 17, 'ACTIVO', '2019-04-27 19:11:13');
INSERT INTO `producto` VALUES (6, 'Playstation 4', 158, 'https://media.playstation.com/is/image/SCEA/playstation-4-slim-vertical-product-shot-01-us-07sep16?$native_t$', 1279900, '<p> Characteristics of the product: </ p>\r\n\r\n<p> State: Completely new, original and sealed factory. <br>\r\nDelivery: Available. <br>\r\nIncludes: Console, Control, Connection Cables, Audios <br>\r\nModel: Ps4 pro <br>\r\nDefinition: 4K / HDR <br>\r\nCapacity: 1TB <br>\r\nProduct Warranty: 1 year Warranty directly with us for any Factory Defects |\r\nShipping: Nationwide by mercadoenvios (Totally Free Cost), or if you prefer by: Interrapidisimo, Deprisa & oacute; Send (cost borne by the buyer) </ p>', 26, 'ACTIVO', '2019-04-27 19:11:21');
INSERT INTO `producto` VALUES (7, 'Xbox One 500GB', 142, 'https://http2.mlstatic.com/consola-xbox-one-s-500gb-reconstruida-3-meses-xbox-live-D_NQ_NP_971322-MLM26922314762_022018-F.jpg', 780000, '<p> Xbox One 500 GB Console Reconditioned with Wireless Control. It is totally new, it has not been uncovered. It has a direct guarantee with Microsoft in Colombia and I deliver it with legal sales invoice with VAT included. Free Game Peggle 2 which for Xbox 360 but retrocompatible with Xbox One. You can play online and have 3 months warranty. Completely new, sealed box without uncovering. Includes Live Gold card for 14 days. </ P>\r\n\r\n<p> MICROSOFT CORPORATION certifies that all repairs and replacements made in the process of refurbished to the Xbox One Videogame consoles, originate due to a change in your defective hardware and the reinstallation of the operating system for its optimal operation and performance. Remanufactured means that the console has re-entered the manufacturing line for revision and / or repair of any damage if it were the case, going through all the quality controls and re-entering the market with a new 3-month warranty. </ p>', 29, 'ACTIVO', '2019-04-27 19:11:28');
INSERT INTO `producto` VALUES (8, 'LG DVD Home Theater Subwoofer 330 Watts Bluetooth LHD427', 91, 'https://www.lg.com/co/images/teatros-en-casa/md05796109/gallery/medium01.jpg', 380000, '<p> HOME THEATER - DVD - SUBWOOFER 300 W <br>\r\nUSB - KARAOKE <br>\r\nLHD427 </ p>\r\n\r\n<p>\r\nMain characteristics <br>\r\nHome Theater <br>\r\nKaraoke functions - Mic entry <br>\r\nBluetooth <br>\r\nDVD - CD - MP3 - USB <br>\r\n300 Watts of power - Subwoofer <br>\r\nTechnical Specifications </ p>\r\n\r\n<p> LG DVD Home Theater System / Direct USB Recording / Karaoke: Yes / Output power: 330 W / HDMI output port: 1 / USB: Yes / Channels: 5.1 / 12-month warranty directly with LG\'s technical service centers nationwide. <br>\r\n</ p>', 17, 'ACTIVO', '2019-04-27 19:11:40');
INSERT INTO `producto` VALUES (9, 'Samsung Sound Bar with Wireless Subwoofer 360W 5.1Ch', 94, 'https://images.samsung.com/is/image/samsung/es-hw-q60r-hw-q60r-zf-frontblack-158127424?$PD_GALLERY_L_JPG$', 1909000, '<p> Lab Sound <br>\r\nTested and carefully configured in our California Audio Lab. Our engineers have applied new transduction methods and advanced computer models to give you a completely balanced and immersive sound. <br>\r\n <br>\r\nSum up in action with the panoramic sound <br>\r\nMake your content come alive. The new soundbar will fill up each corner of the room with a rich and dynamic sound that will transform. completely your home. <br>\r\nHW-N650, Soundbar Samsung, 5.1 chSamsung Acoustic Beam - Sound that moves <br>\r\nDo not let your sound stand still. Samsung Acoustic Beam technology mixes and delivers sound in a way that seems to come from that area of ​​the screen where the action occurs. Ideal for movies and games, believe that the sound moves with you. A panoramic and detailed sound. <br>\r\nHW-N650, Soundbar Samsung, 5.1 ch <br>\r\nAn authentic 4K experience <br>\r\nYour new sound bar and your UHD blu-ray or video game console will become the perfect match to enjoy your UHD content. With 4K By-Pass technology you will enjoy your 4K content with dynamic surround sound. Enjoy your quality content as it deserves. <br>\r\n <br>\r\nHW-N650, Samsung Soundbar, 5.1 chSound Game Mode <br>\r\nPlug in your game console and enjoy the audio you expect, instantly. Your soundbar will adjust & aacute; Automatically the audio depends on the game. Easier, easier. <br>\r\nHW-N650, Soundbar Samsung, 5.1 ch <br>\r\n* This feature is only available available when the game console is connected to a selection of Samsung 2018 TVs and HDMI (all QLED TVs, NU7400 series and above). Inside the consoles that support this feature include PlayStation 4 and Xbox. Compatible TVs and game consoles can change. <br>\r\nCentral channel only for diálogos de logos <br>\r\nEnjoy totally unmarried dikees thanks to its dedicated central channel. In this way you get a fully balanced sound from one end of the room to the other, completing your home entertainment experience. <br>\r\n</ p>', 25, 'ACTIVO', '2019-04-27 19:12:51');
INSERT INTO `producto` VALUES (10, '1000W Home Theater 3D Rms', 139, 'http://jumbocolombia.vteximg.com.br/arquivos/ids/170281-1000-1000/8806086705912_02.jpg', 1339000, '<p> An audio with sparkle <br>\r\nFrom the special effects of the films, to a rock stage, the 5.1 channel and 1000 W surround sound gives you real impact audio. </ P>\r\n\r\n<p> Feature-benefits <br>\r\nOne-Touch sound to play music instantly <br>\r\nThe Near Field Communication (NFC) technology does not require cable connections and complex configuration sequences. Just bring your smartphone or other device compatible with NFC * to symbol N and start the music. & iquest; Do not have NFC? No problem. You can also pair the devices manually in the Bluetooth setting & reg ;. * View compatible devices </ p>\r\n\r\n<p> Transmission of wireless music with Bluetooth & reg; <br>\r\nIf your smartphone has Bluetooth & reg ;, you just have to pair it with the Theater at home system to transmit your favorite music </ p>\r\n\r\n<p> Shocking basses with bass emphasizing function <br>\r\nYou get the bass resonance that makes you jump on the seat during the action scenes </ p>\r\n\r\n<p> Minimalist and modern appearance <br>\r\nInspired by the impeccable and gleaming facets of rock crystal, our Sense of Quartz design looks great anywhere. </ P>', 26, 'ACTIVO', '2019-04-27 19:12:58');
INSERT INTO `producto` VALUES (11, 'Bicycle Suspension Fork Black Scorpion 27.5 M', 39, 'https://cdn.shopify.com/s/files/1/1685/1155/products/GW-HAWK_ALTUS-NEGRO-ROJO_1024x.jpg?v=1510331462', 749000, '<p> Marco GW Aluminum. <br>\r\nFront Suspension. <br>\r\nMechanical Aluminum Disc Brakes. <br>\r\nRims 27.5 Double Wall. <br>\r\nHandle and Handle in Aluminum GW 31.8. <br>\r\nShimano Integrated Changes 7 Speed. <br>\r\nTriplato Shimano MC171. <br>\r\nTensor Shimano TX35. <br>\r\nShimano TZ51 derailer. <br>\r\nPacha Shimano 7 Vel. <br>\r\nAluminum pedals. <br>\r\nRim 27.5 Labrado Mix. <br>\r\nSillin Gw. <br>\r\n95% Navy. </ P>', 10, 'ACTIVO', '2019-04-27 19:13:09');
INSERT INTO `producto` VALUES (12, 'Elliptically 8 in 1 black stretch includes links', 6, 'https://img.clasf.co/2017/09/27/ELIPTICA-COMBO-CON-TWISTER-PESAS-LAZO-ESCALADOR-CARDIO-SUPER-20170927001206.jpg', 574900, '<p> Description <br>\r\nThis fabulous 8 in 1 is the best option to have a stable exercise routine, the machine is the machine that provides the opportunity to exercise the body in a comprehensive and complete way, in it you strengthen the thighs, calves, arms, back and abdominal area. This wonderful chair has complementary functions that will help you carry an organized and regulated routine, it has a digital monitor where you can observe the following factors: speed, time, distance, heat burned and cardiac pulsations, In this way you will know how far it is convenient to strengthen your body. To progress in your exercise routine, you can increase the difficulty of the exercise with its micro-adjustable resistance control. With the set of 4 weights you can tone, arms, breasts, shoulders and back in addition to exercising and shaping the waist with the twister \"An & Mate\" and get this product on your doorstep! </ P>\r\n\r\n<p> The 8-in-1 technique has a modern design that coordinates a complete cardiovascular, toning and resistance exercise. It is ideal for toning and burning calories at the same time. This aesthetic also features a twister and a conventional bicycle saddle; Each of these accessories, will help you to exercise and shape the waist. A set of 4 weights is also part of this incredible product, which will help you. to tone arms, shoulders back and part of the chest. </ p>', 27, 'ACTIVO', '2019-04-27 19:13:25');
INSERT INTO `producto` VALUES (13, 'Asus X542UR-GQ509 Core i7 8550U 15.6-inch', 52, 'https://www.asus.com/Laptops/ASUS-Laptop-E402WA/websites/global/products/3tcXKZ5TbCLp2epf/img/05/fg.png', 2470000, '<p> <strong> PORTATIL ASUS X542UR-GQ509 </ strong> </ p>\r\n<p> Remain cool with supreme elegance </ p>\r\n<p> Designed to meet your daily information needs; The ASUS notebooks of the X542UR series have a minimalist and light design with a textured finish. And it has the best performance in games - cuts from the latest Intel Core i7 8550U processors (8M Cache 1.8 Ghz up 4.0 Ghz) Quad-Core and NVIDIA GeForce GT930MX graphics <br /> 2 GB INDEPENDENT VIDEO. In addition; the innovative ASUS exclusive technologies take it to the next level; offering intuitive user experiences and incomparable ergonomics. </ p>', 2, 'ACTIVO', '2019-04-27 19:13:33');
INSERT INTO `producto` VALUES (14, 'Dell Inspiron Intel Core i5 14 inch', 172, 'https://www.clubyred.com/1166-large_default/laptop-dell-inspiron-14-3459-core-i5-6gb-1tb-14-pulgadas.jpg', 1899900, '<p> <strong> Equipped with essential features: </ strong> & nbsp; do not be fooled. Within this slim design are the options of the Intel & reg processor; more recent. The Inspiron 14 3000 series has a thin 22mm edge, so you can enter your laptop bag or travel bag without losing valuable space. <br /> <br /> <strong> Strong Wireless Connections : </ strong> & nbsp; allows the conversation to continue thanks to the most modern wireless options, giving you a fast and strong connection with an impressive range. <br /> <br/> </a> </ strong> br /> <strong> No power outlet, no worries: </ strong> & nbsp; can not always be next to a power outlet, and with a minimum of 6 hours of battery life, no will be necessary stimulus for your senses </ p>\r\n<p> <strong> The emotion of the sound is static: </ strong> & nbsp; will be surprised & amp; for the clarity provided by the GRAMMY prize winner & reg; Waves MaxxAudio & reg; in the area of ​​technology. Whether you\'re Using the cat with a friend or watching a movie, the sound will be unbelievable. </ p>\r\n<p> <strong> Store the things you love: </ strong> & nbsp; save all your photos, home movies, important documents and that funny video from the web that has seen a million of times on a large 1TB GB 3 hard drive with 8GB & nbsp; of memory, open and run several applications without hanging up. <br /> <br /> <strong> Connect all your devices: </ strong> & nbsp; with & eacute; ctese with its other digital devices through the fast USB ports or a DMI port. For an easy and fast transfer of files, there is also an SD card reader. <br /> <br /> <strong> Seeing is believing: </ strong> & nbsp; show that smile and with & eacute; Chat with your friends and family with the built-in web camera. </ p>', 6, 'ACTIVO', '2019-04-27 19:13:42');
INSERT INTO `producto` VALUES (15, 'Laser Printer Samsung SL-M2070w', 10, 'https://product-images.www8-hp.com/digmedialib/prodimg/lowres/c05697545.png', 1500000, '<table class = \"table table-striped\">\r\n<tbody>\r\n<tr>\r\n<th> Specifications </ th>\r\n<td> SL-M2070W </ td>\r\n</ tr>\r\n<tr>\r\n<th> Functions </ th>\r\n<td> Printing, copying, scanning </ td>\r\n</ tr>\r\n<tr>\r\n<th> Compatible with multiple tasks </ th>\r\n<td> S & iacute; </ td>\r\n</ tr>\r\n<tr>\r\n<th> Black Print Resolution </ th>\r\n<td> Up to 1200 x 1200 dpi </ td>\r\n</ tr>\r\n<tr>\r\n<th> Print Technology </ th>\r\n<td> Becoming </ td>\r\n</ tr>\r\n<tr>\r\n<th> Number of print cartridges </ th>\r\n<td> 1 (black) </ td>\r\n</ tr>\r\n<tr>\r\n<th> Printer standard languages ​​</ th>\r\n<td> SPL </ td>\r\n</ tr>\r\n<tr>\r\n<th> Functions of the printer\'s intelligent software </ th>\r\n<td> Manual plexus printing - multiple pages per page - collated - watermarks - EconoMode for saving money (38%) - accepts a variety of sizes and types of paper < / td>\r\n</ tr>\r\n<tr>\r\n<th> Scan type </ th>\r\n<td> Flat bed </ td>\r\n</ tr>\r\n<tr>\r\n<th> Hardware Scan Resolution </ th>\r\n<td> Up to 4,800 x 4,800 dpi </ td>\r\n</ tr>\r\n<tr>\r\n<th> Scanning Resolution & </ th>\r\n<td> Up to 1200 dpi </ td>\r\n</ tr>\r\n</ tbody>\r\n</ table>\r\n<p> & nbsp; </ p>', 7, 'ACTIVO', '2019-04-27 19:13:49');
INSERT INTO `producto` VALUES (16, 'One Printer Hp 2675', 145, 'https://images.rappi.com/products/2090123919-1533154145.png?d=500x500', 149000, '<div class = \"title tab-title\" data-target = \"# tabDescription\"> Description </ div>\r\n<div id = \"tabDescription\" class = \"tab-content collapse in\" aria-expanded = \"true\">\r\n<div class = \"tab-content-body\">\r\n<p> Save big time with the HP DeskJet Ink Advantage 2675, the most economic and easy-to-install wireless printer. Print from the comfort of your mobile device and achieve high-quality prints with the original HP low-cost ink cartridges </ p>\r\n</ div>\r\n</ div>\r\n<p> & nbsp; </ p>', 12, 'ACTIVO', '2019-04-27 19:13:55');
INSERT INTO `producto` VALUES (17, 'Motorola Moto G5s Plus Dorado 3GB 32gb 5.5 inches', 33, 'http://www.exito.com/images/products/digital/motorola/MotoG5s/imagen8.png', 500000, '<div class = \"title tab-title\" data-target = \"# tabSpecifications\"> Specifications </ div>\r\n<div id = \"tabSpecifications\" class = \"tab-content collapse in\">\r\n<div class = \"tab-content-body\">\r\n<table class = \"table table-striped\">\r\n<tbody>\r\n<tr>\r\n<th> Cell type </ th>\r\n<td> Smartphone </ td>\r\n</ tr>\r\n<tr>\r\n<th> Model </ th>\r\n<td> XT1801 </ td>\r\n</ tr>\r\n<tr>\r\n<th> Operating system </ th>\r\n<td> Android </ td>\r\n</ tr>\r\n<tr>\r\n<th> Version Operating system </ th>\r\n<td> Android Nougat 7.1.1 </ td>\r\n</ tr>\r\n<tr>\r\n<th> Capacity </ th>\r\n<td> 32 GB </ td>\r\n</ tr>\r\n<tr>\r\n<th> Brand </ th>\r\n<td> Motorola </ td>\r\n</ tr>\r\n<tr>\r\n<th> High </ th>\r\n<td> 153.5 </ td>\r\n</ tr>\r\n<tr>\r\n<th> Width </ th>\r\n<td> 76.15 </ td>\r\n</ tr>\r\n<tr>\r\n<th> Profound </ th>\r\n<td> 8.04 </ td>\r\n</ tr>\r\n<tr>\r\n<th> Weight </ th>\r\n<td> 168g </ td>\r\n</ tr>\r\n<tr>\r\n<th> Expandable Slot </ th>\r\n<td> Yes </ td>\r\n</ tr>\r\n<tr>\r\n<th> Expandable Memory </ th>\r\n<td> Up to 128 GB Extras </ td>\r\n</ tr>\r\n<tr>\r\n<th> External memory included </ th>\r\n<td> No </ td>\r\n</ tr>\r\n<tr>\r\n<th> Connectivity </ th>\r\n<td> WLAN a / b / g / n - Bluetooth 4.1 LE </ td>\r\n</ tr>\r\n<tr>\r\n<th> Processor </ th>\r\n<td> Snapdragon 625 </ td>\r\n</ tr>\r\n<tr>\r\n<th> Processor kernels </ th>\r\n<td> Octa Core </ td>\r\n</ tr>\r\n<tr>\r\n<th> Processor speed </ th>\r\n<td> 2.0 GHz </ td>\r\n</ tr>\r\n<tr>\r\n<th> RAM </ th>\r\n<td> 3 GB </ td>\r\n</ tr>\r\n<tr>\r\n<th> Red </ th>\r\n<td> 2G - 3G - 4G </ td>\r\n</ tr>\r\n<tr>\r\n<th> Chamber </ th>\r\n<td> Yes </ td>\r\n</ tr>\r\n<tr>\r\n<th> Resolution of the Main Chamber </ th>\r\n<td> 13 MP </ td>\r\n</ tr>\r\n<tr>\r\n<th> Camera information </ th>\r\n<td> Dual Lense - Video up to 4K, default 1080p </ td>\r\n</ tr>\r\n<tr>\r\n<th> Front Chamber </ th>\r\n<td> Yes </ td>\r\n</ tr>\r\n<tr>\r\n<th> Resolution of the Frontal Chamber </ th>\r\n<td> 8 MP </ td>\r\n</ tr>\r\n<tr>\r\n<th> Screen type </ th>\r\n<td> LCD - IPS - FHD - Multitouch - Gorilla Glass </ td>\r\n</ tr>\r\n<tr>\r\n<th> Screen size </ th>\r\n<td> 5.5 inches </ td>\r\n</ tr>\r\n<tr>\r\n<th> Battery </ th>\r\n<td> 3000 mAh - Li-Po </ td>\r\n</ tr>\r\n<tr>\r\n<th> Wifi </ th>\r\n<td> Yes </ td>\r\n</ tr>\r\n<tr>\r\n<th> Dual Sim or Single Sim </ th>\r\n<td> Two slots, one for SimCard and the other for MicroSD or another SimCard </ td>\r\n</ tr>\r\n</ tbody>\r\n</ table>\r\n</ div>\r\n</ div>', 20, 'ACTIVO', '2019-04-27 19:14:03');
INSERT INTO `producto` VALUES (18, 'Motorola One White', 6, 'https://comoto.vteximg.com.br/arquivos/ids/156842-600-600/MOTOROLA-ONE-PRETO04_transparente.png?v=636741893347800000', 499000, '<div class = \"title tab-title\" data-target = \"# tabSpecifications\"> Specifications </ div>\r\n<div id = \"tabSpecifications\" class = \"tab-content collapse in\">\r\n<div class = \"tab-content-body\">\r\n<table class = \"table table-striped\">\r\n<tbody>\r\n<tr>\r\n<th> Reference. </ th>\r\n<td> XT1941-3 </ td>\r\n</ tr>\r\n<tr>\r\n<th> Trade name </ th>\r\n<td> Motorola One </ td>\r\n</ tr>\r\n<tr>\r\n<th> size screen </ th>\r\n<td> 5.9 \"</ td>\r\n</ tr>\r\n<tr>\r\n<th> Resolution </ th>\r\n<td> 720 x 1440 HD + </ td>\r\n</ tr>\r\n<tr>\r\n<th> Type </ th>\r\n<td> IPS </ td>\r\n</ tr>\r\n<tr>\r\n<th> Reference </ th>\r\n<td> Qualcomm 625 </ td>\r\n</ tr>\r\n<tr>\r\n<th> Nuclei </ th>\r\n<td> Octa Core </ td>\r\n</ tr>\r\n<tr>\r\n<th> Speed ​​</ th>\r\n<td> 2.0 Ghz </ td>\r\n</ tr>\r\n<tr>\r\n<th> User memory </ th>\r\n<td> 64 GB </ td>\r\n</ tr>\r\n<tr>\r\n<th> RAM </ th>\r\n<td> 4 GB </ td>\r\n</ tr>\r\n<tr>\r\n<th> Frontal </ th>\r\n<td> 8 Mpx </ td>\r\n</ tr>\r\n<tr>\r\n<th> Principal </ th>\r\n<td> 13 + 2Mpx </ td>\r\n</ tr>\r\n<tr>\r\n<th> Flash </ th>\r\n<td> LED main camera / LED front </ td>\r\n</ tr>\r\n<tr>\r\n<th> Capacity </ th>\r\n<td> 3000 mAh </ td>\r\n</ tr>\r\n<tr>\r\n<th> Loading type </ th>\r\n<td> Turbo Charge </ td>\r\n</ tr>\r\n<tr>\r\n<th> 2G </ th>\r\n<td> 850/900/1800/1900 Mhz. </ td>\r\n</ tr>\r\n<tr>\r\n<th> 3G </ th>\r\n<td> 850/900/1700/1900/2100 Mhz </ td>\r\n</ tr>\r\n<tr>\r\n<th> 4G </ th>\r\n<td> B1 / B2 / B3 / B4 / B5 / B7 / B8 / B28 </ td>\r\n</ tr>\r\n</ tbody>\r\n</ table>\r\n</ div>\r\n</ div>', 20, 'ACTIVO', '2019-04-27 19:14:10');
INSERT INTO `producto` VALUES (19, 'Samsung G950F Galaxy S8 64GB Gold Maple', 105, 'https://images.samsung.com/is/image/samsung/p5/my/smartphones/galaxy-s8/images/gallery/galaxy-s8-plus_gallery_front_rosepink_s4.png?$ORIGIN_PNG$', 1378500, '<div class = \"title tab-title\" data-target = \"# tabSpecifications\"> <br />\r\n<table class = \"table table-striped\">\r\n<tbody>\r\n<tr>\r\n<th> Dimensions </ th>\r\n<td> & nbsp; </ td>\r\n</ tr>\r\n<tr>\r\n<th> Sim type </ th>\r\n<td> Nano SIM </ td>\r\n</ tr>\r\n<tr>\r\n<th> Screen size </ th>\r\n<td> 5.8 inches </ td>\r\n</ tr>\r\n<tr>\r\n<th> Operating System </ th>\r\n<td> Android 7.0 </ td>\r\n</ tr>\r\n<tr>\r\n<th> Processor speed </ th>\r\n<td> Octa-core (4x2.3 GHz & 4x1.7 GHz) </ td>\r\n</ tr>\r\n<tr>\r\n<th> Internal memory </ th>\r\n<td> 64GB </ td>\r\n</ tr>\r\n<tr>\r\n<th> RAM memory </ th>\r\n<td> 4GB </ td>\r\n</ tr>\r\n<tr>\r\n<th> Primary school </ th>\r\n<td> 12 MP </ td>\r\n</ tr>\r\n<tr>\r\n<th> Characteristics of the camera </ th>\r\n<td> Geo-tagging - Face detection - HDR - LED flash </ td>\r\n</ tr>\r\n<tr>\r\n<th> Secondary chamber </ th>\r\n<td> 8 MP </ td>\r\n</ tr>\r\n<tr>\r\n<th> Sensors </ th>\r\n<td> Escrow of Iris; fingerprint (back); accelerator; gyroscope; proximity; bridle bar. </ td>\r\n</ tr>\r\n<tr>\r\n<th> Connectivity </ th>\r\n<td> Wi-Fi 802.11 a / b / g / n / ac </ td>\r\n</ tr>\r\n<tr>\r\n<th> Battery </ th>\r\n<td> 3000 mAh </ td>\r\n</ tr>\r\n<tr>\r\n<th> Color </ th>\r\n<td> Golden </ td>\r\n</ tr>\r\n</ tbody>\r\n</ table>\r\n</ div>', 25, 'ACTIVO', '2019-04-27 19:14:17');
INSERT INTO `producto` VALUES (20, 'Q6 cell Prime Platinum', 196, 'https://catalogo.movistar.com.pe/ArchivosUsuario/ImagenEquipo/q6_2394_Small_Imagen.png', 899000, '<div class = \"title tab-title\" data-target = \"# tabSpecifications\">\r\n<div class = \"title tab-title\" data-target = \"# tabSpecifications\"> Specifications </ div>\r\n<div id = \"tabSpecifications\" class = \"tab-content collapse in\">\r\n<div class = \"tab-content-body\">\r\n<table class = \"table table-striped\">\r\n<tbody>\r\n<tr>\r\n<th> Cell type </ th>\r\n<td> Smartphone </ td>\r\n</ tr>\r\n<tr>\r\n<th> Model </ th>\r\n<td> Q6 Prime </ td>\r\n</ tr>\r\n<tr>\r\n<th> Operating system </ th>\r\n<td> Android </ td>\r\n</ tr>\r\n<tr>\r\n<th> Version Operating system </ th>\r\n<td> Android Nougat 7.1.1 </ td>\r\n</ tr>\r\n<tr>\r\n<th> Capacity </ th>\r\n<td> 32 GB </ td>\r\n</ tr>\r\n<tr>\r\n<th> Brand </ th>\r\n<td> LG </ td>\r\n</ tr>\r\n<tr>\r\n<th> Expandable Slot </ th>\r\n<td> Yes </ td>\r\n</ tr>\r\n<tr>\r\n<th> Expandable Memory </ th>\r\n<td> Up to 256GB </ td>\r\n</ tr>\r\n<tr>\r\n<th> External memory included </ th>\r\n<td> No </ td>\r\n</ tr>\r\n<tr>\r\n<th> Connectivity </ th>\r\n<td> WiFi (802.11 b / g / n /) - Bluetooth 4.2 </ td>\r\n</ tr>\r\n<tr>\r\n<th> Processor kernels </ th>\r\n<td> Octa Core </ td>\r\n</ tr>\r\n<tr>\r\n<th> Processor speed </ th>\r\n<td> 1.4 GHz </ td>\r\n</ tr>\r\n<tr>\r\n<th> RAM </ th>\r\n<td> 3 GB </ td>\r\n</ tr>\r\n<tr>\r\n<th> Red </ th>\r\n<td> LTE Cat6 </ td>\r\n</ tr>\r\n<tr>\r\n<th> Chamber </ th>\r\n<td> Yes </ td>\r\n</ tr>\r\n<tr>\r\n<th> Resolution of the Main Chamber </ th>\r\n<td> 13 MP </ td>\r\n</ tr>\r\n<tr>\r\n<th> Camera information </ th>\r\n<td> Autofocus - flash </ td>\r\n</ tr>\r\n<tr>\r\n<th> Front Chamber </ th>\r\n<td> Yes </ td>\r\n</ tr>\r\n<tr>\r\n<th> Resolution of the Frontal Chamber </ th>\r\n<td> 5 MP </ td>\r\n</ tr>\r\n<tr>\r\n<th> Screen type </ th>\r\n<td> In-Cell LCD Display </ td>\r\n</ tr>\r\n<tr>\r\n<th> Screen size </ th>\r\n<td> 5.5 inches </ td>\r\n</ tr>\r\n<tr>\r\n<th> Battery </ th>\r\n<td> 3,000 mAh </ td>\r\n</ tr>\r\n<tr>\r\n<th> Additional information </ th>\r\n<td> Full HD + (1080x2160) </ td>\r\n</ tr>\r\n<tr>\r\n<th> Wifi </ th>\r\n<td> Yes </ td>\r\n</ tr>\r\n</ tbody>\r\n</ table>\r\n</ div>\r\n</ div>\r\n</ div>', 17, 'ACTIVO', '2019-04-27 19:14:35');
INSERT INTO `producto` VALUES (21, 'Premium TV Samsung 55-inch Curved UHD 4K', 91, 'https://www.clubyred.com/1081-thickbox_default/55-uhd-4k-curved-smart-tv-ku6300-series-6.jpg', 5799000, '<div class = \"title tab-title\" data-target = \"# tabSpecifications\">\r\n<div class = \"title tab-title\" data-target = \"# tabSpecifications\">\r\n<table class = \"table table-striped\">\r\n<tbody>\r\n<tr>\r\n<th> Brand </ th>\r\n<td> Samsung </ td>\r\n</ tr>\r\n<tr>\r\n<th> Warranty </ th>\r\n<td> 1 A & ntilde; o </ td>\r\n</ tr>\r\n<tr>\r\n<th> Reference </ th>\r\n<td> UN55NU8500 </ td>\r\n</ tr>\r\n<tr>\r\n<th> Screen size </ th>\r\n<td> 55 Inches </ td>\r\n</ tr>\r\n<tr>\r\n<th> Size (AnxAlxPr) </ th>\r\n<td> 1225.2 x 789.6 x 337.7 mm </ td>\r\n</ tr>\r\n<tr>\r\n<th> Design </ th>\r\n<td> Slim </ td>\r\n</ tr>\r\n<tr>\r\n<th> Resolution </ th>\r\n<td> 3840 x 2160 </ td>\r\n</ tr>\r\n<tr>\r\n<th> Processor </ th>\r\n<td> Quad-Core </ td>\r\n</ tr>\r\n<tr>\r\n<th> Speaker type </ th>\r\n<td> 2.1 CH </ td>\r\n</ tr>\r\n<tr>\r\n<th> HDR 10 </ th>\r\n<td> HDR Elite </ td>\r\n</ tr>\r\n<tr>\r\n<th> Micro Dimming </ th>\r\n<td> Supreme UHD Dimming </ td>\r\n</ tr>\r\n<tr>\r\n<th> Auto Motion Plus </ th>\r\n<td> S & iacute; </ td>\r\n</ tr>\r\n<tr>\r\n<th> Movie mode </ th>\r\n<td> S & iacute; </ td>\r\n</ tr>\r\n<tr>\r\n<th> Dolby Digital Plus </ th>\r\n<td> S & iacute; </ td>\r\n</ tr>\r\n<tr>\r\n<th> Sound output (RMS) </ th>\r\n<td> 40W </ td>\r\n</ tr>\r\n<tr>\r\n<th> Smart TV </ th>\r\n<td> S & iacute; </ td>\r\n</ tr>\r\n<tr>\r\n<th> Technology </ th>\r\n<td> Samsung Smart TV </ td>\r\n</ tr>\r\n<tr>\r\n<th> Web browser </ th>\r\n<td> S & iacute; </ td>\r\n</ tr>\r\n<tr>\r\n<th> Samsung Connect Share </ th>\r\n<td> S & iacute ;. HDD and USB 2.0 </ td>\r\n</ tr>\r\n<tr>\r\n<th> HDMI ports </ th>\r\n<td> S & iacute; (4) </ td>\r\n</ tr>\r\n<tr>\r\n<th> USB ports </ th>\r\n<td> S & iacute; (2) </ td>\r\n</ tr>\r\n<tr>\r\n<th> Freeview to the Digital </ th>\r\n<td> S & iacute; </ td>\r\n</ tr>\r\n<tr>\r\n<th> Network Input (LAN) </ th>\r\n<td> S & iacute; </ td>\r\n</ tr>\r\n<tr>\r\n<th> Audio Port & Optical </ th>\r\n<td> S & iacute; (1) </ td>\r\n</ tr>\r\n<tr>\r\n<th> What? bring the box </ th>\r\n<td> Remote control (remote control) - Batteries (for remote control) - User Manual - Power cord </ td>\r\n</ tr>\r\n</ tbody>\r\n</ table>\r\n</ div>\r\n<div id = \"tabSpecifications\" class = \"tab-content collapse in\"> & nbsp; </ div>\r\n</ div>', 25, 'ACTIVO', '2019-04-27 19:14:41');
INSERT INTO `producto` VALUES (22, 'Led Tv 65X727E Uhd KD-164 Cms 4k Smart TV 65 Inches', 81, 'https://www.sony.es/image/e224fab3a0c3fa45414ee3eca93564f9?fmt=png-alpha&wid=660', 4700000, '<div class = \"title tab-title\" data-target = \"# tabSpecifications\">\r\n<div class = \"title tab-title\" data-target = \"# tabSpecifications\"> <br />\r\n<div class = \"title tab-title\" data-target = \"# tabDescription\"> Description </ div>\r\n<div id = \"tabDescription\" class = \"tab-content collapse in\">\r\n<div class = \"tab-content-body\">\r\n<p> <img src = \"https://www.exito.com/images/products/digital/sony/tirilla/PLU%201136027%20KD-65X727E-CO1-tirilla_exito_tec_TV.jpg\" alt = \"\" /> </ p>\r\n<p> Get the best in entertainment with the 4K HDR X70E TV with YouTube? integrated. X-Reality PRO technology and superior transmission enhance your favorite entertainment experience. Full specifications available soon. </ P>\r\n</ div>\r\n</ div>\r\n</ div>\r\n</ div>', 26, 'ACTIVO', '2019-04-27 19:14:48');
INSERT INTO `producto` VALUES (23, 'Tv Led 80 Cms (32) hd', 60, 'https://images.rappi.com/products/139530-1544674731.png?d=500x500', 450000, '<div class = \"title tab-title\" data-target = \"# tabSpecifications\">\r\n<div class = \"title tab-title\" data-target = \"# tabSpecifications\"> <br /> Brand CHALLENGERTIPS LED\r\n<div>\r\n<p> <img class = \"only-desktop\" src = \"https://production-alkosto-data.s3-website-us-east-1.amazonaws.com/media/ALKOSTO/contenido/tv-led.jpg \"alt =\" LED TV Tips \"/> </ p>\r\n& middot; This LED TV uses a new type of light on the screen, which makes it so slim. <br /> & middot; Deeper black levels. <br /> & middot; Ideal to install on the wall. & Nbsp; <br /> & middot; Perfect for clear rooms and to have the best home theater experience. <br /> & middot; Help saving energy. </ Div>\r\nINCHES32 INHANCED RESPONSE 50 / 60CONTRASTEMega ContrastINVIDEOAV, HDMI, LAN, USB, VGADimensions (W x H x D) 91.5 x 54 cms (W x H x D) GETTING DIAGONAL80 cmsINCLUDES DIGITAL TERRESTRIAL TUNER DVB - T2S & Legal Notice Televisi & oacute; n Digital Terrestrial (DTT)\r\n<div>\r\n<div class = \"only-desktop\"> <img src = \"https://media.aws.alkosto.com/media/ALKOSTO/contenido/TV-Audio/navegacion/Si-tdt-sticker.jpg\" alt = \" \"/> </ div>\r\n<div> This television is on It is compatible with the standard DVB-T2 (standard features) adopted for Digital Terrestrial Television - DTT in Colombia, so it can receive open television signal. Learn more about DTT, its conditions, requirements and alternatives, consulting the web pages of the National Television Authority & nbsp; <a href = \"https://www.antv.gov.co/Index.htm \"target =\" _ blank \"rel =\" noopener \"> www.antv.gov.co </a>, and of the Superintendence of Industry and Commerce & nbsp; <a href =\" http://www.sic.gov. co / \"target =\" _ blank \"rel =\" noopener \"> www.sic.gov.co </a> </ div>\r\n</ div>\r\n</ div>\r\n</ div>', 4, 'ACTIVO', '2019-04-27 19:14:56');
INSERT INTO `producto` VALUES (24, 'Red Chair Desk', 74, 'https://www.albertomiguez.com/system/pictures/496/big/silla_vincolo_roja.png?1430133043', 312000, '<div class = \"title tab-title\" data-target = \"# tabSpecifications\">\r\n<div class = \"title tab-title\" data-target = \"# tabSpecifications\">\r\n<table class = \"table table-striped\">\r\n<tbody>\r\n<tr>\r\n<th> Category </ th>\r\n<td> Office </ td>\r\n</ tr>\r\n<tr>\r\n<th> Elevation </ th>\r\n<td> D100Gas </ td>\r\n</ tr>\r\n<tr>\r\n<th> Coating </ th>\r\n<td> mesh fabric faced </ td>\r\n</ tr>\r\n<tr>\r\n<th> Wheels </ th>\r\n<td> A pressure </ td>\r\n</ tr>\r\n<tr>\r\n<th> Color </ th>\r\n<td> Red </ td>\r\n</ tr>\r\n<tr>\r\n<th> Tama & ntilde; o </ th>\r\n<td> 49x45x71-81cm </ td>\r\n</ tr>\r\n<tr>\r\n<th> Warranty </ th>\r\n<td> 6 Months </ td>\r\n</ tr>\r\n</ tbody>\r\n</ table>\r\n</ div>\r\n</ div>', 9, 'ACTIVO', '2019-04-27 19:15:07');

SET FOREIGN_KEY_CHECKS = 1;
